Job Title,Company,Location,Workplace,Experience,Industry,Salary,Published Date
Senior Business Analyst,Marathon Health,"Denver, CO",Hybrid,5 - 10 years,Healthcare,"$90,000 - $120,000","Oct 7, 2024"
"Senor Business Analyst, Product",Fubo,"New York, NY",Hybrid,5 - 10 years,Entertainment,"$95,000 - $135,000","Oct 7, 2024"
2025 Launch Program Business Analyst,Red Ventures,"Charlotte, NC",Onsite,0 - 3 years,Tech,"$80,000 - $80,000","Oct 7, 2024"
Business Analyst,LivePerson,Remote,Remote,3 - 5 years,Tech,"$80,000 - $92,000","Oct 7, 2024"
Business Analyst,GoNetspeed,Remote,Remote,0 - 3 years,Communications,"$50,000 - $70,000","Oct 7, 2024"
"Business Analyst, Health",WTW,"Boston, MA",Hybrid,3 - 5 years,Financial,"$82,000 - $95,000","Oct 4, 2024"
Business Analyst,City of Atlanta,"Atlanta, GA",Hybrid,0 - 3 years,Other,"$72,000 - $90,000","Oct 4, 2024"
Business Analyst,Elevance Health,"Norfolk, VA",Hybrid,3 - 5 years,Healthcare,"$61,000 - $91,500","Oct 4, 2024"
Senior Business Analyst,Conduent,"Baltimore, MD",Onsite,5 - 10 years,Consulting,"$101,062 - $131,000","Oct 4, 2024"
Senior Business Analyst,Perseus Group,Remote,Remote,5 - 10 years,Tech,"$64,000 - $96,000","Oct 4, 2024"
"Business Analyst, Operations",Rover.com,"Seattle, WA",Hybrid,3 - 5 years,Retail,"$109,000 - $136,000","Oct 3, 2024"
Senior Business Analyst,The Brattle Group,"Boston, MA",Hybrid,5 - 10 years,Consulting,"$100,000 - $125,000","Oct 3, 2024"
"Senior Business Analyst, Operations",Rockefeller Foundation,"New York, NY",Hybrid,5 - 10 years,Other,"$103,300 - $136,700","Oct 3, 2024"
Business Analyst,Hertz,"Estero, FL",Hybrid,0 - 3 years,Other,"$60,000 - $60,000","Oct 3, 2024"
Business Analyst,Prudential Financial,"Newark, NJ",Hybrid,0 - 3 years,Financial,"$62,500 - $93,000","Oct 3, 2024"
Junior Business Analyst,Richmond American,"Denver, CO",Onsite,0 - 3 years,Other,"$60,000 - $70,000","Oct 1, 2024"
"Senior Business Analyst, Sales",Lucid,"Newark, CA",Hybrid,5 - 10 years,Automotive,"$114,000 - $131,000","Oct 1, 2024"
Senior Business Analyst,Baxter,"Deerfield, IL",Hybrid,5 - 10 years,Healthcare,"$104,000 - $143,000","Oct 1, 2024"
"Business Analyst, Finance",Green House,"Miami, FL",Hybrid,3 - 5 years,Marketing,"$90,000 - $100,000","Oct 1, 2024"
"Business Analyst, Technical",STERIS,Remote,Remote,3 - 5 years,Manufacturing,"$67,750 - $94,762","Oct 1, 2024"
Business Analyst,Rehlko,Remote,Remote,0 - 3 years,Manufacturing,"$94,400 - $120,000","Sep 30, 2024"
Senior Business Analyst,Resilience,Remote,Remote,5 - 10 years,Manufacturing,"$80,000 - $125,000","Sep 30, 2024"
"Business Analyst, Travel",Delaware North,"Buffalo, NY",Remote,3 - 5 years,Entertainment,"$58,500 - $76,800","Sep 30, 2024"
AVP Business Analyst,Charles River,"Boston, MA",Onsite,5 - 10 years,Financial,"$90,000 - $142,500","Sep 30, 2024"
Senior Business Analyst,Starbucks,"Seattle, WA",Hybrid,3 - 5 years,Retail,"$88,400 - $132,800","Sep 30, 2024"
Business Analyst,University of Minnesota,"Minneapolis, MN",Hybrid,0 - 3 years,Education,"$65,000 - $75,000","Sep 27, 2024"
Business Analyst,Elevance Health,"Mason, OH",Hybrid,3 - 5 years,Healthcare,"$61,000 - $91,500","Sep 27, 2024"
"Senior Business Analyst, Cloud",3Cloud,Remote,Remote,5 - 10 years,Tech,"$86,000 - $127,000","Sep 27, 2024"
Senior Business Analyst,Advantage Solutions,"Rogers, AR",Hybrid,5 - 10 years,Marketing,"$55,000 - $65,000","Sep 27, 2024"
Business Analyst,Delta Capita,"New York, NY",Onsite,3 - 5 years,Financial,"$75,000 - $95,000","Sep 27, 2024"
Senior Business Analyst,Spatial Front,Remote,Remote,3 - 5 years,Consulting,"$85,000 - $115,000","Sep 26, 2024"
Business Analyst,Paylocity,Remote,Remote,0 - 3 years,Tech,"$49,300 - $91,500","Sep 26, 2024"
Senior Business Analyst,Karsun Solutions,Remote,Remote,5 - 10 years,Consulting,"$92,400 - $118,800","Sep 26, 2024"
"Business Analyst, Procurement",Arconic,"Pittsburgh, PA",Onsite,5 - 10 years,Manufacturing,"$85,000 - $95,000","Sep 26, 2024"
"Business Analyst, Dynamics 365",Guidehouse,Remote,Remote,0 - 3 years,Consulting,"$71,800 - $107,600","Sep 26, 2024"
"Business Analyst, Operational Excellence",Merck,"Rahway, NJ",Hybrid,0 - 3 years,Healthcare,"$83,100 - $130,900","Sep 25, 2024"
"Senior Business Analyst, GTM",BlackLine,Remote,Remote,5 - 10 years,Tech,"$98,000 - $131,000","Sep 25, 2024"
"Business Analyst, Systems",WEX,Remote,Remote,3 - 5 years,Financial,"$82,000 - $109,000","Sep 25, 2024"
Business Analyst,Macquarie,"New York, NY",Hybrid,5 - 10 years,Financial,"$162,000 - $205,000","Sep 25, 2024"
Business Analyst,Freddie Mac,"McLean, VA",Hybrid,0 - 3 years,Financial,"$58,000 - $88,000","Sep 25, 2024"
"Manager Business Analyst, Operations",Pendrick,"Dallas, TX",Hybrid,3 - 5 years,Healthcare,"$120,000 - $120,000","Sep 24, 2024"
"Senior Business Analyst, Governance",NBC Universal,Remote,Remote,3 - 5 years,Entertainment,"$95,000 - $115,000","Sep 24, 2024"
"Senior Business Analyst, Healthcare",CitiusTech,"Nashville, TN",Onsite,5 - 10 years,Tech,"$85,000 - $95,000","Sep 24, 2024"
Senior Business Analyst,Insight Investment,"Boston, MA",Hybrid,3 - 5 years,Financial,"$140,000 - $160,000","Sep 24, 2024"
"Business Analyst, FinOps",A Place for Mom,"New York, NY",Remote,3 - 5 years,Healthcare,"$115,000 - $135,000","Sep 24, 2024"
Business Analyst,Novartis,"Carlsbad, CA",Hybrid,3 - 5 years,Healthcare,"$107,200 - $160,100","Sep 23, 2024"
"Business Analyst, Commercial Real Estate",Symetra,Remote,Remote,0 - 3 years,Financial,"$56,600 - $94,300","Sep 23, 2024"
Business Analyst,Gainwell Technologies,Remote,Remote,5 - 10 years,Tech,"$64,900 - $92,700","Sep 23, 2024"
Senior Business Analyst,Navitus,Remote,Remote,5 - 10 years,Healthcare,"$77,545 - $95,148","Sep 23, 2024"
"Senior Business Analyst, Transportation",Amazon,Multiple Locations,Onsite,5 - 10 years,Tech,"$106,400 - $185,000","Sep 23, 2024"
Associate Business Analyst,Pfizer,"Pearl River, NY",Onsite,0 - 3 years,Healthcare,"$64,600 - $107,600","Sep 20, 2024"
Senior Business Analyst,UST,"Bellevue, WA",Hybrid,3 - 5 years,Consulting,"$78,000 - $118,000","Sep 20, 2024"
Business Analyst,Grant Street,Remote,Remote,3 - 5 years,Tech,"$70,000 - $120,000","Sep 20, 2024"
Business Analyst,Bixal,"Richmond, VA",Hybrid,3 - 5 years,Consulting,"$115,000 - $125,000","Sep 20, 2024"
Business Analyst,NSA Storage,Remote,Remote,3 - 5 years,Real Estate,"$80,000 - $100,000","Sep 20, 2024"
"Business Analyst, Systems",Prelim,"New York, NY",Remote,3 - 5 years,Tech,"$80,000 - $100,000","Sep 19, 2024"
"Business Analyst, Insurance",Origami Risk,Remote,Remote,3 - 5 years,Tech,"$92,000 - $115,000","Sep 19, 2024"
"Business Analyst, Marketing",Stearns Bank,Remote,Remote,5 - 10 years,Financial,"$100,000 - $100,000","Sep 19, 2024"
Business Analyst,Authorium,Remote,Remote,3 - 5 years,Tech,"$80,000 - $110,000","Sep 19, 2024"
"Business Analyst, Research Assistant",Maximus,"Chevy Chase, MD",Hybrid,5 - 10 years,Other,"$100,000 - $140,000","Sep 19, 2024"
"Business Analyst, Marketing",Bob,"New York, NY",Hybrid,3 - 5 years,Tech,"$100,000 - $150,000","Sep 18, 2024"
Business Analyst,Umpqua Bank,"Tacoma, WA",Onsite,5 - 10 years,Financial,"$55,000 - $70,000","Sep 18, 2024"
"Business Analyst, IT",The Hartford,"Hartford, CT",Hybrid,3 - 5 years,Financial,"$78,640 - $117,960","Sep 18, 2024"
Business Analyst,Esri,"Redlands, CA",Onsite,0 - 3 years,Tech,"$66,560 - $99,840","Sep 18, 2024"
"Business Analyst, Concerts",Live Nation Entertainment,"Beverly Hills, CA",Remote,5 - 10 years,Entertainment,"$72,000 - $90,000","Sep 18, 2024"
Associate Business Analyst,SNC,"Lone Tree, CO",Hybrid,0 - 3 years,Manufacturing,"$59,935 - $82,411","Sep 17, 2024"
"Business Analyst, Data & Reporting",Prime Therapeutics,Remote,Remote,5 - 10 years,Healthcare,"$85,600 - $128,400","Sep 17, 2024"
Associate Business Analyst,Diebold Nixdorf,Remote,Remote,0 - 3 years,Consulting,"$55,000 - $65,000","Sep 17, 2024"
Business Analyst,Magellan Health,Remote,Remote,0 - 3 years,Healthcare,"$50,225 - $75,335","Sep 17, 2024"
"Business Analyst, Systems",Zscaler,Remote,Remote,5 - 10 years,Tech,"$122,500 - $175,000","Sep 17, 2024"
Senior Business Analyst,Delta Dental,Remote,Remote,3 - 5 years,Insurance,"$74,000 - $170,900","Sep 16, 2024"
"Business Analyst, IT",MetroPlusHealth,"New York, NY",Hybrid,3 - 5 years,Healthcare,"$87,600 - $97,600","Sep 16, 2024"
Business Analyst,Red Cell,Remote,Remote,3 - 5 years,Financial,"$130,000 - $160,000","Sep 16, 2024"
"Senior Business Analyst, Strategy",bswift,Remote,Remote,3 - 5 years,Consulting,"$100,000 - $130,000","Sep 16, 2024"
"Business Analyst, Accounting",NV Energy,"Reno, NV",Onsite,0 - 3 years,Energy,"$76,200 - $89,600","Sep 16, 2024"
Senior Lead Business Analyst,Housecall Pro,Remote,Remote,3 - 5 years,Other,"$96,000 - $120,000","Sep 13, 2024"
Business Analyst,Navitus,Remote,Remote,3 - 5 years,Healthcare,"$65,686 - $79,140","Sep 13, 2024"
Business Analyst,FreshEdge,Remote,Remote,5 - 10 years,Other,"$95,000 - $100,000","Sep 13, 2024"
Business Analyst,Brandt,Remote,Remote,5 - 10 years,Tech,"$70,000 - $95,450","Sep 13, 2024"
Business Analyst,ICE,"New York, NY",Hybrid,0 - 3 years,Financial,"$76,000 - $136,500","Sep 12, 2024"
"Senior Business Analyst, Mobility",Gates,"Denver, CO",Onsite,3 - 5 years,Manufacturing,"$72,000 - $95,000","Sep 12, 2024"
Lead Business Analyst,Panasonic,Remote,Remote,5 - 10 years,Manufacturing,"$145,000 - $155,000","Sep 12, 2024"
"Business Analyst, Technical",Perseus Group,Remote,Remote,0 - 3 years,Tech,"$68,000 - $102,000","Sep 12, 2024"
Business Analyst,Inovalon,"Minneapolis, MN",Hybrid,3 - 5 years,Tech,"$80,000 - $95,000","Sep 12, 2024"
Business Analyst,Guild Mortgage,"San Diego, CA",Onsite,0 - 3 years,Financial,"$67,704 - $92,100","Sep 11, 2024"
Business Analyst,CLEAResult,Remote,Remote,5 - 10 years,Energy,"$62,700 - $94,100","Sep 11, 2024"
Business Analyst,Nestle,"Scottsdale, AZ",Onsite,0 - 3 years,Retail,"$65,000 - $87,000","Sep 11, 2024"
Business Analyst,Darigold,"Seattle, WA",Hybrid,3 - 5 years,Retail,"$71,400 - $107,100","Sep 11, 2024"
Business Analyst,Fisher Investments,"Camas, WA",Hybrid,3 - 5 years,Financial,"$85,000 - $110,000","Sep 10, 2024"
"Business Analyst, Finance",Maricopa County,"Phoenix, AZ",Onsite,3 - 5 years,Other,"$60,000 - $102,500","Sep 10, 2024"
Business Analyst,Popular,"New York, NY",Hybrid,0 - 3 years,Financial,"$80,000 - $92,500","Sep 10, 2024"
Business Analyst,Mayo Clinic,Remote,Remote,3 - 5 years,Healthcare,"$69,600 - $107,400","Sep 10, 2024"
"Business Analyst, Clinical",Conduent,Remote,Remote,0 - 3 years,Consulting,"$60,000 - $70,000","Sep 10, 2024"
Business Analyst,Magellan Health,Remote,Remote,0 - 3 years,Healthcare,"$53,100 - $85,000","Sep 9, 2024"
"Business Analyst, Customer Care",Pfizer,"New York, NY",Hybrid,0 - 3 years,Healthcare,"$78,000 - $130,000","Sep 9, 2024"
"Business Analyst, HR Systems",Alo,Remote,Remote,5 - 10 years,Retail,"$120,000 - $16,000","Sep 9, 2024"
Associate Business Analyst,Florida Blue,"Jacksonville, FL",Onsite,0 - 3 years,Insurance,"$67,900 - $71,300","Sep 9, 2024"
Senior Business Analyst,General Dynamics IT,Remote,Remote,5 - 10 years,Tech,"$106,371 - $138,000","Sep 9, 2024"
Business Analyst,Protective,Remote,Remote,3 - 5 years,Insurance,"$76,500 - $94,155","Sep 6, 2024"
Business Analyst,Conduent,"New Castle, DE",Hybrid,0 - 3 years,Consulting,"$66,000 - $76,000","Sep 6, 2024"
Senior Business Analyst,At-Bay,"San Francisco, CA",Hybrid,3 - 5 years,Insurance,"$135,000 - $165,000","Sep 6, 2024"
Business Analyst,MetLife,"New York, NY",Hybrid,3 - 5 years,Insurance,"$95,000 - $118,000","Sep 6, 2024"
Business Analyst,Red Hat,"Raleigh, NC",Onsite,0 - 3 years,Tech,"$66,800 - $107,000","Sep 5, 2024"
Business Analyst,Bayer,"San Francisco, CA",Onsite,3 - 5 years,Manufacturing,"$110,000 - $125,000","Sep 5, 2024"
Business Analyst,Snap-on,"Libertyville, IL",Onsite,3 - 5 years,Manufacturing,"$50,000 - $70,000","Sep 5, 2024"
"Business Analyst, ServiceNow",Cask,Remote,Remote,0 - 3 years,Consulting,"$70,000 - $95,000","Sep 5, 2024"
Business Analyst,Critical Mass,"Los Angeles, CA",Hybrid,3 - 5 years,Marketing,"$80,000 - $100,000","Sep 5, 2024"
Business Analyst,Umpqua Bank,"Roseburg, OR",Onsite,3 - 5 years,Financial,"$50,000 - $65,000","Sep 4, 2024"
Senior Business Analyst,KeyBank,Remote,Remote,5 - 10 years,Financial,"$70,000 - $95,000","Sep 4, 2024"
Business Analyst,TheGuarantors,Remote,Remote,0 - 3 years,Financial,"$50,000 - $55,000","Sep 4, 2024"
Business Analyst,Travelers,"Hartford, CT",Hybrid,3 - 5 years,Insurance,"$75,500 - $124,600","Sep 4, 2024"
Intern Business Analyst,IGS,Remote,Remote,0 - 3 years,Energy,"$31,200 - $52,000","Sep 4, 2024"
"Senior Business Analyst, Reporting",Linde,"Tonawanda, NY",Onsite,0 - 3 years,Manufacturing,"$66,400 - $97,500","Sep 3, 2024"
Business Analyst,BCPS,"Sunrise, FL",Onsite,3 - 5 years,Education,"$68,400 - $97,900","Sep 3, 2024"
Business Analyst,Primerica,"Duluth, GA",Hybrid,0 - 3 years,Financial,"$90,000 - $90,000","Sep 3, 2024"
Senior Business Analyst,AmTrust,Remote,Remote,3 - 5 years,Insurance,"$100,000 - $110,000","Sep 3, 2024"
"Associate Business Analyst, Accounting",NV Energy,"Reno, NV",Onsite,0 - 3 years,Energy,"$66,300 - $78,000","Sep 3, 2024"
Business Analyst,General Dynamics IT,Remote,Remote,0 - 3 years,Tech,"$70,600 - $95,400","Sep 2, 2024"
Business Analyst,HOPE,Remote,Remote,3 - 5 years,Other,"$75,000 - $150,000","Sep 2, 2024"
"Business Analyst, Process",R+L Carriers,Remote,Remote,3 - 5 years,Logistics,"$80,000 - $100,000","Sep 2, 2024"
Senior Business Analyst,DaVita,"Cedar Hill, TX",Onsite,3 - 5 years,Healthcare,"$75,200 - $110,400","Sep 2, 2024"
Business Analyst,Manhattan DA,"New York, NY",Onsite,3 - 5 years,Other,"$75,000 - $90,000","Sep 2, 2024"
Business Analyst,Schroders,"New York, NY",Hybrid,3 - 5 years,Financial,"$100,000 - $110,000","Aug 30, 2024"
Business Analyst,Stretto,Remote,Remote,3 - 5 years,Consulting,"$75,000 - $105,000","Aug 30, 2024"
Business Analyst,Regions,"Jacksonville, FL",Hybrid,0 - 3 years,Financial,"$49,800 - $66,700","Aug 30, 2024"
Business Analyst,Pennymac,"St Louis, MO",Onsite,0 - 3 years,Financial,"$50,000 - $75,000","Aug 30, 2024"
"Business Analyst, Pharmacy",Duke Health,Remote,Remote,3 - 5 years,Education,"$114,000 - $196,000","Aug 30, 2024"
"Business Analyst, Insurance",Natera,Remote,Remote,3 - 5 years,Tech,"$85,000 - $120,000","Aug 29, 2024"
Business Analyst,Paychex,Multiple Locations,Onsite,3 - 5 years,Recruitment,"$55,728 - $87,572","Aug 29, 2024"
Business Analyst,TerrAscend,Remote,Remote,3 - 5 years,Healthcare,"$80,000 - $90,000","Aug 29, 2024"
Senior Business Analyst,Broadridge,"Newark, NJ",Hybrid,3 - 5 years,Financial,"$80,000 - $90,000","Aug 29, 2024"
Business Analyst,Rain for Rent,"Phoenix, AZ",Onsite,3 - 5 years,Other,"$92,000 - $110,000","Aug 29, 2024"
Senior Business Analyst,ICF,Remote,Remote,5 - 10 years,Consulting,"$76,848 - $130,642","Aug 28, 2024"
Business Analyst,WTW,"Minneapolis, MN",Hybrid,0 - 3 years,Financial,"$65,000 - $80,000","Aug 28, 2024"
Business Analyst,Critical Mass,"Cupertino, CA",Hybrid,3 - 5 years,Marketing,"$115,000 - $130,000","Aug 28, 2024"
Business Analyst,Ancestry,Remote,Remote,3 - 5 years,Tech,"$73,100 - $83,500","Aug 28, 2024"
"Senior Business Analyst, Revenue",Storable,Remote,Remote,5 - 10 years,Tech,"$100,000 - $117,000","Aug 28, 2024"
"Business Analyst, Commercial",CooperSurgical,"Livingston, NJ",Onsite,3 - 5 years,Healthcare,"$80,000 - $100,000","Aug 27, 2024"
"Business Analyst, Operations",Sony,"San Mateo, CA",Hybrid,5 - 10 years,Entertainment,"$92,100 - $138,100","Aug 27, 2024"
Business Analyst,WCF Insurance,"Sandy, UT",Onsite,5 - 10 years,Insurance,"$65,000 - $65,000","Aug 27, 2024"
"Business Analyst, Junior",Allcat,"San Antonio, TX",Onsite,3 - 5 years,Insurance,"$60,000 - $70,000","Aug 27, 2024"
Business Analyst,First Citizens Bank,Remote,Remote,3 - 5 years,Financial,"$86,700 - $127,200","Aug 27, 2024"
"Business Analyst, Implementation",Apixio,Remote,Remote,3 - 5 years,Healthcare,"$90,000 - $130,000","Aug 26, 2024"
Business Analyst,Gaming Labs,"Las Vegas, NV",Onsite,0 - 3 years,Entertainment,"$80,000 - $90,000","Aug 26, 2024"
Senior Business Analyst,Good American,"Los Angeles, CA",Hybrid,3 - 5 years,Retail,"$90,000 - $110,000","Aug 26, 2024"
Business Analyst,Sierra7,Remote,Remote,5 - 10 years,Consulting,"$60,000 - $70,000","Aug 26, 2024"
"Business Analyst, Insights",Rheem,Remote,Remote,3 - 5 years,Manufacturing,"$77,600 - $124,100","Aug 26, 2024"
Business Analyst,Zebra,"Long Island, NY",Hybrid,0 - 3 years,Consulting,"$47,000 - $70,600","Aug 23, 2024"
Senior Business Analyst,Medline,Remote,Remote,5 - 10 years,Manufacturing,"$79,560 - $115,440","Aug 23, 2024"
"Business Analyst, Treasury",FFB,Remote,Remote,3 - 5 years,Financial,"$75,000 - $90,000","Aug 23, 2024"
Senior Business Analyst,Moog,"Elma, NY",Hybrid,5 - 10 years,Other,"$110,000 - $150,000","Aug 23, 2024"
Business Analyst,KeHE,"Naperville, IL",Onsite,3 - 5 years,Other,"$67,700 - $99,200","Aug 23, 2024"
Senior Business Analyst,Russell Investments,"Seattle, WA",Hybrid,3 - 5 years,Financial,"$96,000 - $106,000","Aug 22, 2024"
Senior Business Analyst,Instacart,Remote,Remote,5 - 10 years,Tech,"$123,000 - $165,000","Aug 22, 2024"
"Business Analyst, Marketing",Bob,"New York, NY",Hybrid,3 - 5 years,Tech,"$100,000 - $150,000","Aug 22, 2024"
"Business Analyst, Support",East West Bank,"El Monte, CA",Onsite,0 - 3 years,Financial,"$67,000 - $85,000","Aug 22, 2024"
"Business Analyst, Operations",IOHK,Remote,Remote,3 - 5 years,Tech,"$95,000 - $115,000","Aug 22, 2024"
Lead Business Analyst,Wiley,"Hoboken, NJ",Onsite,5 - 10 years,Other,"$85,500 - $122,600","Aug 21, 2024"
Business Analyst,Guild Mortgage,Remote,Remote,0 - 3 years,Financial,"$67,704 - $92,100","Aug 21, 2024"
"Business Analyst, Platform",Blue Owl,"New York, NY",Hybrid,0 - 3 years,Financial,"$95,000 - $105,000","Aug 21, 2024"
Business Analyst,Afficiency,Remote,Remote,3 - 5 years,Insurance,"$70,000 - $90,000","Aug 21, 2024"
Business Analyst,Alight,Remote,Remote,3 - 5 years,Other,"$46,200 - $73,300","Aug 21, 2024"
Senior Business Analyst,Articulate,Remote,Remote,5 - 10 years,Tech,"$94,200 - $141,400","Aug 20, 2024"
"Principal Business Analyst, Systems",Atlassian,"Austin, TX",Hybrid,5 - 10 years,Tech,"$155,600 - $230,500","Aug 20, 2024"
"Business Analyst, IT",CSBA,"West Sacramento, CA",Hybrid,3 - 5 years,Education,"$93,600 - $100,000","Aug 20, 2024"
"Business Analyst, Workday",Clemson University,"Clemson, SC",Hybrid,3 - 5 years,Education,"$85,000 - $102,000","Aug 20, 2024"
Business Analyst,Southwest Gas,"Las Vegas, NV",Onsite,3 - 5 years,Energy,"$72,900 - $105,700","Aug 20, 2024"
"Business Analyst, Risk",Jefferies,"Jersey City, NJ",Hybrid,5 - 10 years,Financial,"$150,000 - $175,000","Aug 19, 2024"
"Senior Business Analyst, Process",Sunrun,"Lehi, UT",Hybrid,3 - 5 years,Energy,"$69,000 - $93,000","Aug 19, 2024"
"Business Analyst, Process",IGT,"Reno, NV",Hybrid,3 - 5 years,Entertainment,"$50,482 - $115,000","Aug 19, 2024"
"Business Analyst, AI/ML",IDEXX,Remote,Remote,3 - 5 years,Healthcare,"$90,000 - $105,000","Aug 19, 2024"
"Business Analyst, VoC",Pacific Life,"Newport Beach, CA",Hybrid,5 - 10 years,Financial,"$108,000 - $132,000","Aug 19, 2024"
"Lead Business Analyst, IBP",Campbell Soup Company,Remote,Remote,5 - 10 years,Other,"$85,900 - $140,800","Aug 16, 2024"
Business Analyst,Maximus,"McLean, VA",Hybrid,0 - 3 years,Other,"$65,000 - $95,000","Aug 16, 2024"
"Business Analyst, IT",California Dairies,"Bakersfield, CA",Hybrid,5 - 10 years,Other,"$94,253 - $138,237","Aug 16, 2024"
"Business Analyst, Commercial",Mainspring,Remote,Remote,0 - 3 years,Energy,"$90,000 - $110,000","Aug 16, 2024"
"Business Analyst, Marketing",Rover.com,"Seattle, WA",Hybrid,3 - 5 years,Retail,"$109,000 - $136,000","Aug 16, 2024"
Business Analyst,Exchange,"Texas, TX",Hybrid,0 - 3 years,Retail,"$52,926 - $52,926","Aug 15, 2024"
Senior Business Analyst,Raft,"Colorado, CO",Hybrid,5 - 10 years,Consulting,"$105,000 - $140,000","Aug 15, 2024"
"Business Analyst, Finance Change",Enstar,"New York, NY",Hybrid,5 - 10 years,Insurance,"$95,000 - $112,500","Aug 15, 2024"
Senior Business Analyst,Stellar,"San Francisco, CA",Hybrid,5 - 10 years,Tech,"$130,000 - $175,000","Aug 15, 2024"
Business Analyst,Cie,Remote,Remote,3 - 5 years,Tech,"$80,000 - $120,000","Aug 15, 2024"
"Business Analyst, Technical",Premier,Remote,Remote,0 - 3 years,Healthcare,"$64,000 - $118,000","Aug 14, 2024"
"Senior Business Analyst, Financial",Yamaha,"Buena Park, CA",Onsite,3 - 5 years,Automotive,"$112,000 - $112,000","Aug 14, 2024"
"Business Analyst, Sales",RNDC,"Tustin, CA",Onsite,0 - 3 years,Manufacturing,"$57,200 - $81,700","Aug 14, 2024"
"Business Analyst, Marketing",Haymarket Media,"New York, NY",Hybrid,0 - 3 years,Marketing,"$70,000 - $90,000","Aug 14, 2024"
Business Analyst,Conifer Health Solutions,Remote,Remote,0 - 3 years,Healthcare,"$46,900 - $70,400","Aug 14, 2024"
"Business Analyst, Retail Technology",Vail Resorts,Remote,Remote,0 - 3 years,Other,"$66,100 - $87,110","Aug 13, 2024"
"Business Analyst, EDI",Personify Health,Remote,Remote,0 - 3 years,Tech,"$42,000 - $60,000","Aug 13, 2024"
Business Analyst,Thermo Fisher,"Buffalo, NY",Onsite,3 - 5 years,Research,"$75,800 - $113,700","Aug 13, 2024"
Business Analyst,Compass Group,Remote,Remote,3 - 5 years,Other,"$80,000 - $110,000","Aug 13, 2024"
Associate Business Analyst,Fisher Investments,"Portland, OR",Onsite,0 - 3 years,Financial,"$55,000 - $75,000","Aug 13, 2024"
Senior Associate Business Analyst,State Street,"Quincy, MA",Hybrid,3 - 5 years,Financial,"$52,000 - $78,500","Aug 12, 2024"
Business Analyst,Trissential,Remote,Remote,5 - 10 years,Consulting,"$105,000 - $115,000","Aug 12, 2024"
Business Analyst,CCC Intelligent Solutions,"Chicago, IL",Hybrid,3 - 5 years,Tech,"$66,228 - $100,000","Aug 12, 2024"
Business Analyst,Total Quality Logistics,"Cincinnati, OH",Onsite,0 - 3 years,Logistics,"$50,000 - $50,000","Aug 12, 2024"
"Business Analyst, Technical",Covetrus,Remote,Remote,5 - 10 years,Tech,"$75,000 - $85,000","Aug 12, 2024"
"Business Analyst, Division",Arvest Bank,Remote,Remote,3 - 5 years,Financial,"$59,440 - $70,585","Aug 8, 2024"
Business Analyst,Liquid Web,Remote,Remote,3 - 5 years,Tech,"$70,000 - $80,000","Aug 8, 2024"
"Business Analyst, Logistic System",Foot Locker,"Wausau, WI",Onsite,3 - 5 years,Retail,"$55,000 - $65,000","Aug 8, 2024"
Senior Business Analyst,MetLife,"New York, NY",Hybrid,5 - 10 years,Insurance,"$86,400 - $132,400","Aug 8, 2024"
Associate Business Analyst,Penguin Random House,Remote,Remote,3 - 5 years,Other,"$65,000 - $70,000","Aug 8, 2024"
"Business Analyst, Development",World Resources Institute,"Washington, D.C",Hybrid,3 - 5 years,Other,"$69,000 - $73,000","Aug 7, 2024"
"Business Analyst, Technical",Yum! Brands,"Louisville, KY",Onsite,3 - 5 years,Other,"$93,800 - $115,000","Aug 7, 2024"
"Senior Business Analyst, Data Platform",HealthEquity,Remote,Remote,5 - 10 years,Financial,"$83,500 - $125,000","Aug 7, 2024"
Business Analyst,Capgemini,"New York, NY",Hybrid,5 - 10 years,Consulting,"$103,330 - $128,656","Aug 7, 2024"
"Business Analyst, AI",Meduit,Remote,Remote,3 - 5 years,Financial,"$95,000 - $100,000","Aug 7, 2024"
Business Analyst,Modivcare,Remote,Remote,3 - 5 years,Healthcare,"$56,200 - $77,300","Aug 6, 2024"
"Senior Business Analyst, Revenue",Storable,Remote,Remote,5 - 10 years,Tech,"$100,000 - $117,000","Aug 6, 2024"
"Business Analyst, Finance",Assurant,Remote,Remote,0 - 3 years,Insurance,"$53,700 - $89,900","Aug 6, 2024"
Business Analyst,VSP Vision Care,Remote,Remote,0 - 3 years,Insurance,"$51,000 - $85,500","Aug 6, 2024"
Business Analyst,Brandt,Remote,Remote,3 - 5 years,Tech,"$70,000 - $95,450","Aug 6, 2024"
Senior Business Analyst,Starr Insurance,"New York, NY",Onsite,3 - 5 years,Insurance,"$120,000 - $130,000","Aug 5, 2024"
Business Analyst,Taskrabbit,"San Francisco, CA",Hybrid,3 - 5 years,Tech,"$105,000 - $145,000","Aug 5, 2024"
Business Analyst,Umpqua Bank,"Seattle, WA",Onsite,3 - 5 years,Financial,"$67,000 - $70,000","Aug 5, 2024"
"Business Analyst, Marketing Applications",Tanger,Remote,Remote,3 - 5 years,Real Estate,"$59,400 - $90,750","Aug 5, 2024"
"Business Analyst, Direct Lending",Apollo,"New York, NY",Onsite,3 - 5 years,Financial,"$85,000 - $110,000","Aug 5, 2024"
"Business Analyst, IT",SCA Health,Remote,Remote,0 - 3 years,Healthcare,"$85,000 - $110,000","Aug 2, 2024"
Business Analyst,Cross River,Remote,Remote,3 - 5 years,Financial,"$80,000 - $100,000","Aug 2, 2024"
"Business Analyst, Strategy & Innovation",DonorsChoose,Remote,Remote,5 - 10 years,Education,"$91,000 - $144,200","Aug 2, 2024"
Senior Business Analyst,Rimini Street,Remote,Remote,5 - 10 years,Consulting,"$103,000 - $129,000","Aug 2, 2024"
"Senior Business Analyst, Fraud",Conduent,Remote,Remote,3 - 5 years,Consulting,"$89,000 - $100,000","Aug 2, 2024"
Business Analyst,Magnit,Remote,Remote,3 - 5 years,Recruitment,"$65,000 - $70,000","Aug 1, 2024"
Business Analyst,AAOS,"Rosemont, IL",Hybrid,5 - 10 years,Other,"$80,000 - $90,000","Aug 1, 2024"
"Business Analyst, Front Office",Janus Henderson,"Denver, CO",Hybrid,3 - 5 years,Financial,"$100,000 - $110,000","Aug 1, 2024"
Business Analyst,Carlyle,"Washington, D.C",Onsite,3 - 5 years,Financial,"$125,000 - $140,000","Aug 1, 2024"
"Business Analyst, Operations",Airbnb,Remote,Remote,5 - 10 years,Tech,"$100,000 - $124,400","Aug 1, 2024"
Business Analyst,Point Blank Enterprises,"Pompano Beach, FL",Onsite,0 - 3 years,Other,"$60,000 - $90,000","Jul 31, 2024"
"Business Analyst, Paid Digital Media",SpaceX,"Hawthorne, CA",Onsite,3 - 5 years,Manufacturing,"$75,000 - $95,000","Jul 31, 2024"
"Business Analyst, Actuarial",CLARA Analytics,Remote,Remote,3 - 5 years,Insurance,"$130,000 - $130,000","Jul 31, 2024"
"Senior Business Analyst, Banking",KeyBank,Remote,Remote,3 - 5 years,Financial,"$110,000 - $115,000","Jul 31, 2024"
Business Analyst,MUFG,Remote,Remote,5 - 10 years,Financial,"$70,000 - $85,000","Jul 31, 2024"
"Business Analyst, Diagnostics",PosiGen,Remote,Remote,3 - 5 years,Energy,"$65,000 - $70,000","Jul 30, 2024"
Business Analyst,Carnival,"Miami, FL",Hybrid,0 - 3 years,Entertainment,"$51,600 - $75,300","Jul 30, 2024"
Business Analyst,SCAN,Remote,Remote,5 - 10 years,Healthcare,"$80,300 - $128,500","Jul 30, 2024"
Senior Business Analyst,Abacus Insights,"Boston, MA",Remote,5 - 10 years,Consulting,"$140,000 - $155,000","Jul 30, 2024"
Business Analyst,Esri,"Redlands, CA",Onsite,0 - 3 years,Tech,"$66,560 - $99,840","Jul 30, 2024"
Business Analyst,Freddie Mac,"McLean, VA",Hybrid,0 - 3 years,Financial,"$58,000 - $88,000","Jul 29, 2024"
"Business Analyst, Performance Management",Gainwell Technologies,"Roseville, CA",Hybrid,3 - 5 years,Tech,"$59,500 - $85,000","Jul 29, 2024"
Business Analyst,PCS Wireless,"Florham Park, NJ",Onsite,3 - 5 years,Communications,"$100,000 - $100,000","Jul 29, 2024"
Senior Business Analyst,Aptive,"Washington, D.C",Onsite,5 - 10 years,Consulting,"$120,000 - $155,000","Jul 29, 2024"
Senior Business Analyst,CoorsTek,"Golden, CO",Hybrid,5 - 10 years,Manufacturing,"$100,000 - $132,000","Jul 29, 2024"
"Business Analyst, Procurement",Videojet Technologies,"Wood Dale, IL",Hybrid,0 - 3 years,Other,"$80,000 - $90,000","Jul 26, 2024"
"Business Analyst, Financial IT",Vibrant,Remote,Remote,0 - 3 years,Healthcare,"$78,000 - $90,000","Jul 26, 2024"
Senior Business Analyst,American Cancer Society,Remote,Remote,5 - 10 years,Other,"$78,000 - $98,000","Jul 26, 2024"
"Senior Business Analyst, Digital",Alo,"Beverly Hills, CA",Onsite,5 - 10 years,Retail,"$120,000 - $150,000","Jul 26, 2024"
Business Analyst,Anheuser-Busch,"Atlanta, GA",Onsite,0 - 3 years,Retail,"$79,200 - $94,000","Jul 26, 2024"
"Business Analyst, AI/ML",IDEXX,Remote,Remote,3 - 5 years,Healthcare,"$90,000 - $105,000","Jul 25, 2024"
Business Analyst,PacifiCorp,"Portland, OR",Hybrid,3 - 5 years,Energy,"$52,600 - $61,900","Jul 25, 2024"
Business Analyst,RNDC,"Tustin, CA",Onsite,5 - 10 years,Manufacturing,"$90,000 - $110,000","Jul 25, 2024"
Business Analyst,Benevis,"Atlanta, GA",Hybrid,3 - 5 years,Healthcare,"$63,000 - $88,000","Jul 25, 2024"
Business Analyst,Elevance Health,"Atlanta, GA",Hybrid,3 - 5 years,Healthcare,"$83,500 - $100,200","Jul 25, 2024"
"Business Analyst, Salesforce",FanDuel,Remote,Remote,0 - 3 years,Entertainment,"$92,000 - $126,500","Jul 24, 2024"
Business Analyst,Verus,"Bloomington, MN",Hybrid,3 - 5 years,Financial,"$80,000 - $105,000","Jul 24, 2024"
Business Analyst,Neurocrine,"San Diego, CA",Onsite,3 - 5 years,Healthcare,"$92,200 - $143,700","Jul 24, 2024"
Business Analyst,Advantage Solutions,"Salisbury, NC",Hybrid,0 - 3 years,Marketing,"$44,000 - $44,000","Jul 24, 2024"
Senior Business Analyst,Cushman & Wakefield,"Mountain View, CA",Hybrid,3 - 5 years,Real Estate,"$72,250 - $85,000","Jul 24, 2024"
"Business Analyst, Financial",Publix,"Lakeland, FL",Onsite,0 - 3 years,Retail,"$54,000 - $75,000","Jul 23, 2024"
Business Analyst,RSI,Remote,Remote,3 - 5 years,Tech,"$70,000 - $100,000","Jul 23, 2024"
"Senior Business Analyst, Sales",Mozarc Medical,Remote,Remote,3 - 5 years,Healthcare,"$137,000 - $199,000","Jul 23, 2024"
Business Analyst,Kemper,Multiple Locations,Hybrid,3 - 5 years,Other,"$48,700 - $83,400","Jul 23, 2024"
Senior Business Analyst,MillerKnoll,Remote,Remote,5 - 10 years,Other,"$78,000 - $97,900","Jul 23, 2024"
Senior Business Analyst,Sony,"Reston, VA",Onsite,3 - 5 years,Entertainment,"$130,000 - $145,000","Jul 22, 2024"
"Senior Business Analyst, Healthcare",Gainwell Technologies,Remote,Remote,5 - 10 years,Tech,"$86,800 - $124,000","Jul 22, 2024"
Business Analyst,S&P Global,"Boulder, CO",Onsite,0 - 3 years,Research,"$66,344 - $116,411","Jul 22, 2024"
"Business Analyst, Product",Morgan Stanley,"Purchase, NY",Hybrid,3 - 5 years,Financial,"$85,000 - $135,000","Jul 22, 2024"
Business Analyst,UTI,Remote,Remote,5 - 10 years,Education,"$92,000 - $105,000","Jul 22, 2024"
Business Analyst,Compass Group,Remote,Remote,3 - 5 years,Other,"$80,000 - $110,000","Jul 19, 2024"
Business Analyst,Nutrafol,Remote,Remote,0 - 3 years,Retail,"$75,000 - $80,000","Jul 19, 2024"
Business Analyst,Norstella,Remote,Remote,5 - 10 years,Tech,"$100,000 - $125,000","Jul 19, 2024"
Business Analyst,Lucet,Remote,Remote,5 - 10 years,Healthcare,"$90,000 - $108,000","Jul 19, 2024"
"Business Analyst, Insights",Flynn Group,"Cleveland, OH",Hybrid,3 - 5 years,Retail,"$70,000 - $85,000","Jul 19, 2024"
Senior Business Analyst,Spectrum Enterprise,"St Louis, MO",Hybrid,5 - 10 years,Communications,"$70,900 - $127,700","Jul 18, 2024"
Business Analyst,Aeries,Remote,Remote,3 - 5 years,Tech,"$82,000 - $100,000","Jul 18, 2024"
Business Analyst,U.S. Bank,"Charlotte, NC",Hybrid,5 - 10 years,Financial,"$90,100 - $116,600","Jul 18, 2024"
Senior Business Analyst,VertexOne,Remote,Remote,5 - 10 years,Tech,"$70,000 - $90,000","Jul 18, 2024"
"Business Analyst, CS Operations",Qualia,"Superior, CO",Remote,3 - 5 years,Tech,"$110,000 - $130,000","Jul 18, 2024"
Business Analyst,PMI,Remote,Remote,5 - 10 years,Education,"$113,000 - $125,000","Jul 17, 2024"
Business Analyst,Peraton,Remote,Remote,5 - 10 years,Consulting,"$80,000 - $128,000","Jul 17, 2024"
Business Analyst,Community Bank,"Dewitt, NY",Onsite,3 - 5 years,Financial,"$58,500 - $88,000","Jul 17, 2024"
Business Analyst,Cencora,Remote,Remote,0 - 3 years,Healthcare,"$70,400 - $100,760","Jul 17, 2024"
Associate Business Analyst,Altera Digital Health,Remote,Remote,0 - 3 years,Tech,"$52,990 - $60,939","Jul 17, 2024"
"Business Analyst, Data Mapping",Treliant,"Buffalo, NY",Hybrid,3 - 5 years,Consulting,"$110,000 - $120,000","Jul 16, 2024"
Business Analyst,Cognizant,"Dallas, TX",Onsite,0 - 3 years,Consulting,"$70,000 - $70,000","Jul 16, 2024"
Junior Business Analyst,Spatial Front,Remote,Remote,0 - 3 years,Consulting,"$45,000 - $65,000","Jul 16, 2024"
Business Analyst,Nelnet,"Lincoln, NE",Onsite,3 - 5 years,Education,"$50,000 - $85,000","Jul 16, 2024"
Business Analyst,Pennymac,"Cary, NC",Onsite,0 - 3 years,Financial,"$68,000 - $115,000","Jul 16, 2024"
Senior Manager Business Analyst,Campbell Soup Company,"Camden, NJ",Hybrid,5 - 10 years,Other,"$105,000 - $172,000","Jul 15, 2024"
Business Analyst,IB Abel,"York, PA",Hybrid,5 - 10 years,Other,"$90,000 - $110,000","Jul 15, 2024"
Senior Business Analyst,DISH Network,"Denver, CO",Hybrid,3 - 5 years,Communications,"$102,742 - $102,742","Jul 15, 2024"
Business Analyst,Tricon Residential,"Tustin, CA",Onsite,3 - 5 years,Real Estate,"$60,790 - $101,310","Jul 15, 2024"
Business Analyst,Amwins,"Los Angeles, CA",Hybrid,3 - 5 years,Insurance,"$75,000 - $90,000","Jul 15, 2024"
"Business Analyst, SAP",UIC,"Conklin, NY",Hybrid,3 - 5 years,Manufacturing,"$83,000 - $95,000","Jul 12, 2024"
"Business Analyst, Payment Ops",Billtrust,Remote,Remote,0 - 3 years,Financial,"$55,000 - $70,000","Jul 12, 2024"
Business Analyst,SCAN,Remote,Remote,5 - 10 years,Healthcare,"$80,300 - $128,500","Jul 12, 2024"
"Business Analyst, Supply Chain",sweetgreen,"Los Angeles, CA",Hybrid,0 - 3 years,Retail,"$73,000 - $93,000","Jul 12, 2024"
Senior Business Analyst,Nuna,Remote,Remote,5 - 10 years,Tech,"$115,000 - $141,200","Jul 12, 2024"
Business Analyst,Triad Financial Services,"Jacksonville, FL",Onsite,3 - 5 years,Financial,"$76,000 - $85,000","Jul 11, 2024"
Senior Business Analyst,Boeing,Remote,Remote,5 - 10 years,Other,"$98,600 - $154,100","Jul 11, 2024"
Business Analyst,Momentum Worldwide,"New York, NY",Hybrid,0 - 3 years,Marketing,"$62,400 - $75,000","Jul 11, 2024"
Business Analyst,Pulte Mortgage,"Englewood, CO",Hybrid,5 - 10 years,Financial,"$85,600 - $90,000","Jul 11, 2024"
Business Analyst,UDR,"Highlands Ranch, CO",Hybrid,3 - 5 years,Real Estate,"$75,000 - $95,000","Jul 10, 2024"
Business Analyst,WTW,"Minneapolis, MN",Hybrid,0 - 3 years,Financial,"$55,000 - $75,000","Jul 10, 2024"
Business Analyst,Solventum,Remote,Remote,5 - 10 years,Healthcare,"$106,331 - $129,960","Jul 10, 2024"
Business Analyst,ERG,"Concord, MA",Remote,0 - 3 years,Consulting,"$58,000 - $90,000","Jul 10, 2024"
Business Analyst,S&P Global,Remote,Remote,3 - 5 years,Research,"$75,000 - $85,000","Jul 10, 2024"
"Senior Business Analyst, Finance",Sompo International,"New York, NY",Onsite,5 - 10 years,Other,"$120,000 - $140,000","Jul 9, 2024"
Senior Business Analyst,Wiley,"Hoboken, NJ",Onsite,5 - 10 years,Other,"$85,500 - $122,600","Jul 9, 2024"
Senior Business Analyst,NinjaHoldings,Remote,Remote,3 - 5 years,Financial,"$100,000 - $160,000","Jul 9, 2024"
Business Analyst,TCG,Remote,Remote,5 - 10 years,Consulting,"$73,500 - $95,000","Jul 9, 2024"
Business Analyst,KeyBank,Remote,Remote,3 - 5 years,Financial,"$70,000 - $120,000","Jul 9, 2024"
Senior Business Analyst,Sherwin-Williams,"Cleveland, OH",Hybrid,5 - 10 years,Manufacturing,"$94,200 - $120,800","Jul 8, 2024"
Business Analyst,American National,"Springfield, MO",Hybrid,3 - 5 years,Insurance,"$63,472 - $95,199","Jul 8, 2024"
Senior Business Analyst,Citi,"Tampa, FL",Hybrid,3 - 5 years,Financial,"$69,000 - $96,400","Jul 8, 2024"
Business Analyst,Camping World,"Lincolnshire, IL",Hybrid,5 - 10 years,Retail,"$98,500 - $147,800","Jul 8, 2024"
Business Analyst,Balance of Nature,"Hurricane, UT",Hybrid,0 - 3 years,Other,"$40,000 - $65,000","Jul 8, 2024"
Business Analyst,Club Monaco,"New York, NY",Hybrid,0 - 3 years,Retail,"$60,000 - $65,000","Jul 5, 2024"
Senior Business Analyst,Sidecar Health,Remote,Remote,3 - 5 years,Insurance,"$120,000 - $130,000","Jul 5, 2024"
Senior Business Analyst,Valley,"St Petersburg, FL",Hybrid,5 - 10 years,Financial,"$61,100 - $103,000","Jul 5, 2024"
"Senior Business Analyst, Digital",Alo,"Beverly Hills, CA",Onsite,5 - 10 years,Retail,"$120,000 - $150,000","Jul 5, 2024"
"Business Analyst, ERP",Rimkus,"Texas, TX",Remote,3 - 5 years,Consulting,"$80,000 - $100,000","Jul 5, 2024"
Business Analyst,Workday,"Atlanta, GA",Hybrid,5 - 10 years,Recruitment,"$85,200 - $135,300","Jul 4, 2024"
Junior Business Analyst,M&C Saatchi Group,"New York, NY",Hybrid,0 - 3 years,Marketing,"$70,000 - $90,000","Jul 4, 2024"
"Business Analyst, Manufacturing",Wipfli,Remote,Remote,5 - 10 years,Consulting,"$80,000 - $133,000","Jul 4, 2024"
"Business Analyst, Credit",Robinhood,Multiple Locations,Hybrid,5 - 10 years,Financial,"$129,000 - $195,000","Jul 4, 2024"
Business Analyst,ConServe,"New York, NY",Remote,3 - 5 years,Financial,"$65,000 - $70,000","Jul 4, 2024"
"Business Analyst, IT",Red Bull,"Santa Monica, CA",Onsite,5 - 10 years,Other,"$99,800 - $110,200","Jul 3, 2024"
Business Analyst,Antares,"New York, NY",Hybrid,0 - 3 years,Financial,"$80,000 - $110,000","Jul 3, 2024"
Business Analyst,Clearlink Partners,Remote,Remote,3 - 5 years,Consulting,"$90,000 - $130,000","Jul 3, 2024"
Business Analyst,Magellan Health,Remote,Remote,5 - 10 years,Healthcare,"$70,715 - $113,145","Jul 3, 2024"
Business Analyst,WTW,"Mount Laurel, NJ",Hybrid,3 - 5 years,Financial,"$82,000 - $95,000","Jul 3, 2024"
Business Analyst,Avesis,Remote,Remote,0 - 3 years,Insurance,"$55,800 - $87,200","Jul 2, 2024"
Business Analyst,T-Rex,Remote,Remote,3 - 5 years,Tech,"$75,000 - $110,000","Jul 2, 2024"
Senior Business Analyst,CALSTART,Remote,Remote,5 - 10 years,Other,"$110,912 - $126,237","Jul 2, 2024"
Business Analyst,InvestCloud,"New York, NY",Hybrid,3 - 5 years,Financial,"$80,000 - $100,000","Jul 2, 2024"
"Business Analyst, Finance",Fisher Investments,"Portland, OR",Onsite,3 - 5 years,Financial,"$75,000 - $90,000","Jul 2, 2024"
"Business Analyst, Strategic",Acosta,"Minneapolis, MN",Hybrid,3 - 5 years,Retail,"$52,200 - $65,200","Jul 1, 2024"
Business Analyst,Maxana,Remote,Remote,3 - 5 years,Tech,"$120,000 - $150,000","Jul 1, 2024"
"Business Analyst, SAP",Swisslog Healthcare,"Westminster, CO",Hybrid,3 - 5 years,Healthcare,"$84,000 - $100,000","Jul 1, 2024"
Business Analyst,Payarc,"Greenwich, CT",Onsite,0 - 3 years,Financial,"$58,000 - $62,000","Jul 1, 2024"
Business Analyst,Cetera,"El Segundo, CA",Hybrid,3 - 5 years,Financial,"$55,000 - $70,000","Jul 1, 2024"
Business Analyst,Prime Healthcare,"Ontario, CA",Hybrid,0 - 3 years,Healthcare,"$66,560 - $95,680","Jun 28, 2024"
Business Analyst,Five & Done,"Dallas, TX",Hybrid,5 - 10 years,Tech,"$85,000 - $105,000","Jun 28, 2024"
Senior Business Analyst,RKD Group,Remote,Remote,5 - 10 years,Marketing,"$130,000 - $150,000","Jun 28, 2024"
Business Analyst,NYCM Insurance,"Edmeston, NY",Onsite,0 - 3 years,Insurance,"$44,900 - $62,900","Jun 28, 2024"
Senior Business Analyst,American National,"Springfield, MO",Hybrid,5 - 10 years,Insurance,"$75,000 - $90,000","Jun 28, 2024"
Senior Business Analyst,Personify Health,Remote,Remote,5 - 10 years,Tech,"$85,000 - $120,000","Jun 27, 2024"
Business Analyst,DNV,"Phoenix, AZ",Hybrid,3 - 5 years,Other,"$75,000 - $110,000","Jun 27, 2024"
Business Analyst,The Yay Company,"Raleigh, NC",Remote,0 - 3 years,Other,"$70,000 - $70,000","Jun 27, 2024"
"Business Analyst, QA",David Yurman,"New York, NY",Hybrid,3 - 5 years,Retail,"$85,000 - $105,000","Jun 27, 2024"
Business Analyst,Nestle,"Eden Prairie, MN",Onsite,0 - 3 years,Retail,"$65,000 - $87,000","Jun 27, 2024"
Business Analyst,The Hartford,"Hartford, CT",Hybrid,3 - 5 years,Financial,"$78,600 - $118,000","Jun 26, 2024"
"Business Analyst, Supply Chain",Virgin Galactic,"Tustin, CA",Hybrid,0 - 3 years,Other,"$67,500 - $98,000","Jun 26, 2024"
"Business Analyst, Digital Transformation",Ambit,"New York, NY",Hybrid,3 - 5 years,Consulting,"$120,000 - $140,000","Jun 26, 2024"
Business Analyst,Rothy's,"San Francisco, CA",Onsite,3 - 5 years,Retail,"$98,000 - $115,000","Jun 26, 2024"
"Senior Business Analyst, Salesforce",Renaissance Learning,Remote,Remote,5 - 10 years,Education,"$90,400 - $124,400","Jun 26, 2024"
Business Analyst,Navix,Remote,Remote,0 - 3 years,Tech,"$55,000 - $85,000","Jun 25, 2024"
Business Analyst,Primerica,"Duluth, GA",Hybrid,0 - 3 years,Financial,"$39,000 - $41,000","Jun 25, 2024"
"Business Analyst, Google Play",Google,"Mountain View, CA",Hybrid,5 - 10 years,Tech,"$134,000 - $198,000","Jun 25, 2024"
"Business Analyst, Commercial",CooperSurgical,"Livingston, NJ",Onsite,3 - 5 years,Healthcare,"$80,000 - $100,000","Jun 25, 2024"
"Business Analyst, Operations",ResMed,Remote,Remote,3 - 5 years,Healthcare,"$82,000 - $124,000","Jun 25, 2024"
"Business Analyst, Customer Experience",VillageCare,"New York, NY",Hybrid,3 - 5 years,Healthcare,"$76,000 - $85,000","Jun 24, 2024"
Senior Business Analyst,Sony Pictures Entertainment,"Culver City, CA",Hybrid,5 - 10 years,Entertainment,"$82,000 - $125,000","Jun 24, 2024"
Business Analyst,Billtrust,Remote,Remote,0 - 3 years,Financial,"$55,000 - $70,000","Jun 24, 2024"
Senior Business Analyst,Tideworks,"Seattle, WA",Hybrid,5 - 10 years,Logistics,"$110,000 - $130,000","Jun 24, 2024"
Business Analyst,First Databank,"Indianapolis, IN",Remote,3 - 5 years,Healthcare,"$95,000 - $105,000","Jun 24, 2024"
Business Analyst,Amplify,Remote,Remote,5 - 10 years,Education,"$93,000 - $110,000","Jun 21, 2024"
"Business Analyst, Commercial",ONEOK,"Tulsa, OK",Hybrid,0 - 3 years,Other,"$57,000 - $85,000","Jun 21, 2024"
Principal Business Analyst,Matson,"Oakland, CA",Onsite,5 - 10 years,Logistics,"$111,300 - $151,500","Jun 21, 2024"
Business Analyst,Fender,Remote,Remote,3 - 5 years,Other,"$74,333 - $111,500","Jun 21, 2024"
Business Analyst,Anheuser-Busch,"Atlanta, GA",Onsite,0 - 3 years,Retail,"$79,200 - $94,000","Jun 21, 2024"
"Business Analyst, Technical",Alterra Mountain Company,"Denver, CO",Hybrid,3 - 5 years,Other,"$80,000 - $112,000","Jun 20, 2024"
Business Analyst,Aristocrat,"Oklahoma, OK",Remote,3 - 5 years,Entertainment,"$62,500 - $116,000","Jun 20, 2024"
"Business Analyst, Retail",Golden Hippo,Remote,Remote,3 - 5 years,Marketing,"$58,200 - $77,600","Jun 20, 2024"
Business Analyst,Arvest Bank,"Rogers, AR",Onsite,3 - 5 years,Financial,"$59,440 - $70,585","Jun 20, 2024"
Business Analyst,Hertz,"Estero, FL",Hybrid,3 - 5 years,Other,"$80,000 - $100,000","Jun 20, 2024"
Business Analyst,EverBank,"Jacksonville, FL",Hybrid,0 - 3 years,Financial,"$56,900 - $77,000","Jun 19, 2024"
Business Analyst,Symetra,Remote,Remote,0 - 3 years,Financial,"$56,600 - $94,300","Jun 19, 2024"
Senior Business Analyst,HubSpot,Remote,Remote,3 - 5 years,Tech,"$118,500 - $189,600","Jun 19, 2024"
Business Analyst,Reddit,"New York, NY",Hybrid,3 - 5 years,Tech,"$130,000 - $182,000","Jun 19, 2024"
Associate Business Analyst,Dolby Laboratories,"San Francisco, CA",Hybrid,0 - 3 years,Tech,"$76,600 - $90,500","Jun 19, 2024"
Senior Business Analyst,Hach,"Loveland, CO",Onsite,5 - 10 years,Other,"$85,000 - $93,000","Jun 18, 2024"
Business Analyst,Liberty Mutual,"Plymouth Meeting, PA",Onsite,0 - 3 years,Insurance,"$65,600 - $122,400","Jun 18, 2024"
Business Analyst,Burlington Stores,Remote,Remote,3 - 5 years,Retail,"$50,000 - $70,000","Jun 18, 2024"
Business Analyst,Earnest,Remote,Remote,3 - 5 years,Financial,"$100,100 - $125,100","Jun 18, 2024"
Business Analyst,RBC Capital Markets,"Jersey City, NJ",Hybrid,3 - 5 years,Financial,"$80,000 - $125,000","Jun 18, 2024"
Business Analyst,WTW,"Mount Laurel, NJ",Hybrid,3 - 5 years,Financial,"$82,000 - $95,000","Jun 17, 2024"
"Business Analyst, Compliance",Aristocrat,"Las Vegas, NV",Hybrid,3 - 5 years,Entertainment,"$71,600 - $132,900","Jun 17, 2024"
Business Analyst,Benevis,"Atlanta, GA",Hybrid,3 - 5 years,Healthcare,"$63,000 - $88,000","Jun 17, 2024"
Associate Business Analyst,SNC,"Lone Tree, CO",Hybrid,0 - 3 years,Manufacturing,"$59,935 - $82,411","Jun 17, 2024"
Entry Level Business Analyst,Net at Work,"New York, NY",Hybrid,0 - 3 years,Consulting,"$60,000 - $65,000","Jun 17, 2024"
Senior Business Analyst,Allegion,Remote,Remote,5 - 10 years,Manufacturing,"$56,200 - $99,200","Jun 14, 2024"
Business Analyst,Bell Group,Remote,Remote,3 - 5 years,Consulting,"$50,000 - $75,000","Jun 14, 2024"
Business Analyst,VF Corporation,Remote,Remote,0 - 3 years,Retail,"$58,400 - $73,000","Jun 14, 2024"
Business Analyst,Encompass,"Fort Collins, CO",Remote,3 - 5 years,Tech,"$62,600 - $80,000","Jun 14, 2024"
"Business Analyst, Marketing",GEHA,Remote,Remote,3 - 5 years,Healthcare,"$69,886 - $98,514","Jun 14, 2024"
"Business Analyst, Ecommerce",Babylist,Remote,Remote,5 - 10 years,Other,"$72,400 - $108,500","Jun 13, 2024"
"Business Analyst, Market Access",Precision AQ,Remote,Remote,3 - 5 years,Consulting,"$62,500 - $87,500","Jun 13, 2024"
Business Analyst,Cherry Bekaert,Remote,Remote,5 - 10 years,Financial,"$110,000 - $130,000","Jun 13, 2024"
Business Analyst,Merkle,Remote,Remote,3 - 5 years,Marketing,"$59,000 - $96,000","Jun 13, 2024"
Senior Business Analyst,Stavvy,"Boston, MA",Hybrid,5 - 10 years,Tech,"$120,000 - $145,000","Jun 13, 2024"
Business Analyst,National Debt Relief,Remote,Remote,0 - 3 years,Financial,"$74,000 - $89,500","Jun 12, 2024"
Business Analyst,Magnit,Remote,Remote,3 - 5 years,Recruitment,"$65,000 - $70,000","Jun 12, 2024"
Business Analyst,Ultra Mobile,Remote,Remote,3 - 5 years,Communications,"$95,000 - $115,000","Jun 12, 2024"
"Business Analyst, eComm Tools",Bluestem,"Eden Prairie, MN",Hybrid,0 - 3 years,Retail,"$75,000 - $95,000","Jun 12, 2024"
"Business Analyst, Regulatory Affairs",Google,Multiple Locations,Hybrid,3 - 5 years,Tech,"$111,000 - $163,000","Jun 12, 2024"
Business Analyst,Twilio,Remote,Remote,5 - 10 years,Tech,"$103,800 - $144,200","Jun 11, 2024"
Business Analyst,IEM,Remote,Remote,3 - 5 years,Consulting,"$80,000 - $90,000","Jun 11, 2024"
Business Analyst,Danaher,Remote,Remote,3 - 5 years,Manufacturing,"$71,400 - $100,000","Jun 11, 2024"
Business Analyst,Nakupuna,Remote,Remote,3 - 5 years,Consulting,"$74,500 - $110,000","Jun 11, 2024"
Business Analyst,Acuity,Remote,Remote,0 - 3 years,Insurance,"$63,500 - $80,000","Jun 11, 2024"
Senior Business Analyst,Logitech,Remote,Remote,5 - 10 years,Tech,"$98,000 - $132,000","Jun 10, 2024"
Business Analyst,Gannett Fleming,"Camp Hill, PA",Hybrid,0 - 3 years,Other,"$70,000 - $90,000","Jun 10, 2024"
Junior Business Analyst,Flight Centre,Remote,Remote,0 - 3 years,Other,"$75,000 - $75,000","Jun 10, 2024"
"Senior Business Analyst, Starlink",SpaceX,"Redmond, WA",Onsite,5 - 10 years,Manufacturing,"$110,000 - $145,000","Jun 10, 2024"
"Business Analyst, Consumer Hardware",SpaceX,"Hawthorne, CA",Onsite,3 - 5 years,Manufacturing,"$75,000 - $95,000","Jun 10, 2024"
Manager Business Analyst,Cisco,"Raleigh, NC",Hybrid,5 - 10 years,Tech,"$102,000 - $141,500","Jun 7, 2024"
Senior Business Analyst,Walt Disney,"Santa Monica, CA",Onsite,3 - 5 years,Entertainment,"$102,500 - $137,500","Jun 7, 2024"
Business Analyst,Pennymac,"Plano, TX",Onsite,3 - 5 years,Financial,"$55,000 - $85,000","Jun 7, 2024"
AVP Business Analyst,MUFG,North Carolina,Remote,5 - 10 years,Financial,"$110,000 - $127,000","Jun 7, 2024"
Senior Business Analyst,LPL Financial,"San Diego, CA",Hybrid,5 - 10 years,Financial,"$88,600 - $132,900","Jun 7, 2024"
Lead Business Analyst,Campbell Soup Company,"Camden, NJ",Hybrid,5 - 10 years,Other,"$85,900 - $140,800","Jun 6, 2024"
Business Analyst,Peraton,"Washington, D.C",Onsite,5 - 10 years,Consulting,"$86,000 - $138,000","Jun 6, 2024"
"Business Analyst, Product",Deluxe,"Atlanta, GA",Hybrid,3 - 5 years,Financial,"$90,000 - $100,000","Jun 6, 2024"
"Business Analyst, Operations",Ryan Specialty,"Austin, TX",Onsite,0 - 3 years,Insurance,"$62,000 - $81,375","Jun 6, 2024"
Business Analyst,The Standard,Remote,Remote,5 - 10 years,Financial,"$104,800 - $178,000","Jun 6, 2024"
Business Analyst,Scholastic,"New York, NY",Remote,3 - 5 years,Other,"$64,000 - $82,500","Jun 5, 2024"
Business Analyst,Advance Auto Parts,Remote,Remote,5 - 10 years,Retail,"$76,000 - $88,500","Jun 5, 2024"
Business Analyst,Scout,Remote,Remote,0 - 3 years,Research,"$60,000 - $70,000","Jun 5, 2024"
"Business Analyst, Healthcare",Corvallis Clinic,"Corvallis, OR",Hybrid,3 - 5 years,Healthcare,"$62,814 - $78,518","Jun 5, 2024"
Senior Business Analyst,WTW,"New York, NY",Onsite,5 - 10 years,Financial,"$80,000 - $110,000","Jun 5, 2024"
Business Analyst,Regions,"Birmingham, AL",Hybrid,5 - 10 years,Financial,"$72,864 - $98,480","Jun 4, 2024"
Business Analyst,Terumo BCT,"Littleton, CO",Hybrid,5 - 10 years,Manufacturing,"$87,200 - $109,000","Jun 4, 2024"
Business Analyst,Public Consulting Group,Remote,Remote,0 - 3 years,Consulting,"$60,000 - $70,000","Jun 4, 2024"
Business Analyst,Clearlink Partners,Remote,Remote,3 - 5 years,Consulting,"$90,000 - $135,000","Jun 4, 2024"
"Business Analyst, Sales Ops",Kenworth Truck,"Kirkland, WA",Onsite,3 - 5 years,Automotive,"$84,000 - $131,700","Jun 4, 2024"
Senior Business Analyst,ServiceTitan,Remote,Remote,3 - 5 years,Tech,"$86,000 - $124,000","Jun 3, 2024"
Business Analyst,General Dynamics IT,Remote,Remote,5 - 10 years,Tech,"$60,500 - $101,100","Jun 3, 2024"
"Business Analyst, Strategic",Qlik,"King of Prussia, PA",Hybrid,3 - 5 years,Tech,"$110,000 - $135,000","Jun 3, 2024"
"Business Analyst, Finance",Laserfiche,"Long Beach, CA",Hybrid,5 - 10 years,Tech,"$120,000 - $165,000","Jun 3, 2024"
Business Analyst,Millennium,"New York, NY",Onsite,5 - 10 years,Financial,"$175,000 - $250,000","Jun 3, 2024"
"Business Analyst, Operations",Perseus Group,Remote,Remote,0 - 3 years,Tech,"$96,000 - $144,000","May 31, 2024"
Business Analyst,Kering Eyewear,"New York, NY",Hybrid,0 - 3 years,Retail,"$65,000 - $75,000","May 31, 2024"
Senior Business Analyst,Paramount,"New York, NY",Hybrid,0 - 3 years,Entertainment,"$100,000 - $130,000","May 31, 2024"
"Business Analyst, CRM Support",Thermo Fisher,Remote,Remote,3 - 5 years,Research,"$76,000 - $113,000","May 31, 2024"
Senior Business Analyst,Humana,Remote,Remote,5 - 10 years,Other,"$78,800 - $108,500","May 31, 2024"
Business Analyst,Micron,"San Jose, CA",Hybrid,3 - 5 years,Manufacturing,"$107,682 - $122,000","May 29, 2024"
Business Analyst,Hearst Health,Remote,Remote,3 - 5 years,Healthcare,"$80,000 - $90,000","May 29, 2024"
Business Analyst,American Express,"Phoenix, AZ",Hybrid,0 - 3 years,Financial,"$55,000 - $75,000","May 29, 2024"
"Business Analyst, B2B",Noom,Remote,Remote,3 - 5 years,Other,"$133,000 - $180,000","May 29, 2024"
Business Analyst,GigSmart,"Denver, CO",Onsite,0 - 3 years,Tech,"$60,000 - $70,000","May 29, 2024"
Senior Business Analyst,Magellan Health,Remote,Remote,5 - 10 years,Healthcare,"$70,700 - $113,100","May 28, 2024"
Business Analyst,Broadcom,"Palo Alto, CA",Onsite,5 - 10 years,Manufacturing,"$90,000 - $150,000","May 28, 2024"
Senior Business Analyst,GAF,Remote,Remote,5 - 10 years,Manufacturing,"$135,000 - $172,500","May 28, 2024"
Business Analyst,Fluor,"Greenville, SC",Onsite,0 - 3 years,Other,"$50,000 - $84,000","May 28, 2024"
Junior Business Analyst,CARE,"Atlanta, GA",Onsite,3 - 5 years,Other,"$61,846 - $86,275","May 28, 2024"
Business Analyst,Elevance Health,"New York, NY",Hybrid,5 - 10 years,Healthcare,"$72,576 - $124,416","May 27, 2024"
Business Analyst,Lazard,"New York, NY",Hybrid,3 - 5 years,Financial,"$90,000 - $170,000","May 27, 2024"
Business Analyst,CarParts.com,"Torrance, CA",Onsite,0 - 3 years,Automotive,"$67,000 - $90,000","May 27, 2024"
Senior Business Analyst,Capital Group,"Los Angeles, CA",Hybrid,3 - 5 years,Financial,"$92,400 - $147,900","May 27, 2024"
Lead Business Analyst,Nuna,Remote,Remote,5 - 10 years,Tech,"$138,000 - $169,000","May 27, 2024"
Senior Business Analyst,Sunbelt Solomon,"Temple, TX",Remote,5 - 10 years,Manufacturing,"$85,000 - $100,000","May 24, 2024"
Business Analyst,First Citizens Bank,"Raleigh, NC",Remote,3 - 5 years,Financial,"$86,700 - $115,600","May 24, 2024"
"Business Analyst, Customer Experience",The Farmer's Dog,"New York, NY",Hybrid,3 - 5 years,Other,"$70,000 - $85,000","May 24, 2024"
Senior Business Analyst,Vail Resorts,Remote,Remote,3 - 5 years,Other,"$89,100 - $110,000","May 24, 2024"
Business Analyst,Spectrum Enterprise,"Maryland Heights, MO",Hybrid,0 - 3 years,Communications,"$60,900 - $97,700","May 24, 2024"
Business Analyst,Schneider Electric,"Franklin, TN",Hybrid,3 - 5 years,Manufacturing,"$105,000 - $115,000","May 23, 2024"
"Senior Business Analyst, Operations",Centivo,"Buffalo, NY",Remote,5 - 10 years,Insurance,"$85,000 - $110,000","May 23, 2024"
Senior Business Analyst,Radiology Partners,Remote,Remote,3 - 5 years,Healthcare,"$95,000 - $120,000","May 23, 2024"
Business Analyst,Cherry Bekaert,Remote,Remote,5 - 10 years,Financial,"$110,000 - $130,000","May 23, 2024"
"Business Analyst, Strategic",Five9,Remote,Remote,5 - 10 years,Tech,"$90,900 - $140,000","May 23, 2024"
"Business Analyst, Financial",VVG,"Carson, CA",Hybrid,0 - 3 years,Logistics,"$73,000 - $75,000","May 22, 2024"
Business Analyst,Flight Centre,"Boston, MA",Hybrid,0 - 3 years,Other,"$70,000 - $75,000","May 22, 2024"
Business Analyst,Docupace,"Minneapolis, MN",Hybrid,3 - 5 years,Tech,"$75,000 - $85,000","May 22, 2024"
Business Analyst,FIS,Remote,Remote,0 - 3 years,Financial,"$65,400 - $106,700","May 22, 2024"
Business Analyst,Guardian Life,"Plano, TX",Hybrid,3 - 5 years,Financial,"$82,700 - $135,800","May 22, 2024"
Business Analyst,Sound Physicians,Remote,Remote,3 - 5 years,Healthcare,"$70,000 - $90,000","May 21, 2024"
Business Analyst,Acuity,Remote,Remote,3 - 5 years,Insurance,"$80,000 - $120,000","May 21, 2024"
Business Analyst,Globus,Remote,Remote,3 - 5 years,Other,"$60,000 - $90,000","May 21, 2024"
Business Analyst,Brandt,Remote,Remote,3 - 5 years,Tech,"$70,000 - $95,000","May 21, 2024"
Associate Business Analyst,Lucet,Remote,Remote,0 - 3 years,Healthcare,"$74,000 - $85,000","May 21, 2024"
Business Analyst,Fuji Seal,"Charlotte, NC",Onsite,3 - 5 years,Manufacturing,"$68,000 - $78,000","May 20, 2024"
Business Analyst,Five Star Bank,"Warsaw, NY",Hybrid,0 - 3 years,Financial,"$58,500 - $70,000","May 20, 2024"
Senior Business Analyst,Academia.edu,"San Francisco, CA",Hybrid,3 - 5 years,Education,"$175,000 - $215,000","May 20, 2024"
Business Analyst,SAS Retail,"Boise, ID",Hybrid,0 - 3 years,Retail,"$50,000 - $65,000","May 20, 2024"
Business Analyst,Frequence,"Mountain View, CA",Hybrid,0 - 3 years,Marketing,"$60,000 - $90,000","May 20, 2024"
"Senior Business Analyst, Strategy",US Foods,Remote,Remote,3 - 5 years,Retail,"$80,300 - $120,000","May 17, 2024"
"Business Analyst, Reporting",Endeavor,"Beverly Hills, CA",Onsite,3 - 5 years,Entertainment,"$82,500 - $110,000","May 17, 2024"
Business Analyst,Unify Consulting,Remote,Remote,0 - 3 years,Consulting,"$50,000 - $75,000","May 17, 2024"
Business Analyst,Aristocrat,Remote,Remote,3 - 5 years,Entertainment,"$61,600 - $114,400","May 17, 2024"
Business Analyst,Capital Technology Group,Remote,Remote,3 - 5 years,Consulting,"$75,000 - $125,000","May 17, 2024"
Business Analyst,Mueller,Remote,Remote,3 - 5 years,Manufacturing,"$74,000 - $78,000","May 16, 2024"
Business Analyst,American Family Insurance,"Boston, MA",Hybrid,5 - 10 years,Insurance,"$67,000 - $111,000","May 16, 2024"
"Business Analyst, RCM",Conifer Health Solutions,Remote,Remote,0 - 3 years,Healthcare,"$46,900 - $70,400","May 16, 2024"
"Business Analyst, Market Data",ICE,"New York, NY",Onsite,0 - 3 years,Financial,"$78,100 - $125,100","May 16, 2024"
Business Analyst,WEX,Remote,Remote,3 - 5 years,Financial,"$84,000 - $111,000","May 16, 2024"
Senior Business Analyst,Western National Insurance,"Edina, MN",Onsite,5 - 10 years,Insurance,"$105,000 - $122,900","May 15, 2024"
Business Analyst,National General,Remote,Remote,0 - 3 years,Insurance,"$54,000 - $84,000","May 15, 2024"
Senior Business Analyst,Empower,Remote,Remote,5 - 10 years,Financial,"$84,000 - $118,600","May 15, 2024"
Business Analyst,Nutrien,"Loveland, CO",Onsite,0 - 3 years,Other,"$64,000 - $88,000","May 15, 2024"
Senior Business Analyst,Inovalon,"Canonsburg, PA",Hybrid,5 - 10 years,Tech,"$83,231 - $119,000","May 15, 2024"
Principal Business Analyst,HealthEquity,Remote,Remote,3 - 5 years,Financial,"$99,500 - $159,500","May 14, 2024"
Senior Business Analyst,PAR Technology,Remote,Remote,5 - 10 years,Tech,"$90,000 - $130,000","May 14, 2024"
Business Analyst,Symplr,Remote,Remote,0 - 3 years,Tech,"$55,000 - $70,000","May 14, 2024"
"Senior Business Analyst, Health",Florida Blue,Remote,Remote,3 - 5 years,Insurance,"$80,800 - $131,300","May 14, 2024"
Business Analyst,Cotiviti,Remote,Remote,5 - 10 years,Consulting,"$65,500 - $80,000","May 14, 2024"
Business Analyst,Burlington Stores,"Burlington, NJ",Hybrid,3 - 5 years,Retail,"$65,000 - $80,000","May 13, 2024"
Business Analyst,Peraton,Remote,Remote,5 - 10 years,Consulting,"$66,000 - $106,000","May 13, 2024"
Junior Business Analyst,Rehrig Pacific,Remote,Remote,3 - 5 years,Manufacturing,"$85,000 - $95,000","May 13, 2024"
Business Analyst,Kadena,Remote,Remote,3 - 5 years,Crypto,"$95,000 - $120,000","May 13, 2024"
Business Analyst,Quench,Remote,Remote,3 - 5 years,Other,"$75,000 - $80,000","May 13, 2024"
Business Analyst,Altera Digital Health,Remote,Remote,3 - 5 years,Tech,"$67,800 - $80,000","May 10, 2024"
Business Analyst,Versana,"New York, NY",Hybrid,3 - 5 years,Financial,"$130,000 - $160,000","May 10, 2024"
Senior Business Analyst,MedeAnalytics,Remote,Remote,5 - 10 years,Tech,"$112,000 - $120,000","May 10, 2024"
"Business Analyst, Financial",Rohde & Schwarz,"Columbia, MD",Onsite,3 - 5 years,Communications,"$80,000 - $115,000","May 10, 2024"
Lead Business Analyst,Majesco,Remote,Remote,0 - 3 years,Tech,"$65,500 - $98,700","May 10, 2024"
Business Analyst,Davis Elen Advertising,"Arlington, VA",Hybrid,3 - 5 years,Marketing,"$80,000 - $95,000","May 9, 2024"
Business Analyst,Strategic Education,Remote,Remote,3 - 5 years,Education,"$82,800 - $124,200","May 9, 2024"
"Senior Business Analyst, ChatGPT",Blue Yonder,Remote,Remote,5 - 10 years,Tech,"$79,615 - $100,384","May 9, 2024"
"Business Analyst, IT Performance",First American,"Irvine, CA",Hybrid,0 - 3 years,Financial,"$62,568 - $104,280","May 9, 2024"
Financial Business Analyst,H&C Animal Health,"Parker, CO",Hybrid,3 - 5 years,Manufacturing,"$70,000 - $85,000","May 9, 2024"
Business Analyst,Brinks,Remote,Remote,3 - 5 years,Logistics,"$71,000 - $88,800","May 8, 2024"
"Business Analyst, Finance",Assurant,Remote,Remote,0 - 3 years,Insurance,"$59,200 - $98,800","May 8, 2024"
Business Analyst,Mi-Case,Remote,Remote,3 - 5 years,Tech,"$65,557 - $86,998","May 8, 2024"
Business Analyst,Scout Motors,Remote,Remote,5 - 10 years,Automotive,"$80,000 - $90,000","May 8, 2024"
